Steps,Policy/Entropy,Environment/Cumulative Reward,Environment/Episode Length,Policy/Extrinsic Value Estimate,Policy/Extrinsic Reward
10000,1.4189384,0.37062256809338523,33.78599221789883,-0.04166225,0.37062256809338523
20000,1.4173497,0.4253875968992248,35.91085271317829,0.088934936,0.42315175097276264
30000,1.4153854,0.4327309236947791,41.36144578313253,0.17683604,0.4387550200803213
40000,1.4147856,0.4597378277153558,34.37453183520599,0.241677,0.45615671641791045
