Steps,Policy/Entropy,Environment/Lesson,Environment/Cumulative Reward,Environment/Episode Length,Policy/Extrinsic Value Estimate,Policy/Extrinsic Reward
10000,1.0402386,6.0,0.5085555573667356,27.538011695906434,-3.6072464,0.5085555509645737
20000,1.0391337,6.0,0.5440127159827941,39.139830508474574,-2.7279813,0.546008504616057
30000,1.0331464,6.0,0.5246725400260479,34.95070422535211,-2.164233,0.5237887321863139
40000,1.0460144,6.0,0.56181301385717,40.2520325203252,-1.6726658,0.5618170714109939
