Steps,Policy/Entropy,Environment/Lesson,Environment/Cumulative Reward,Environment/Episode Length,Policy/Extrinsic Value Estimate,Policy/Extrinsic Reward
10000,1.0494692,6.0,-0.1317469848222408,28.509036144578314,-4.2722135,-0.13174698941328236
20000,1.0491532,6.0,-0.03779582924034912,38.608333333333334,-3.4193692,-0.03779583533469122
30000,1.0487992,6.0,-0.09248251364309132,34.16783216783217,-2.9042888,-0.09248251766471154
40000,1.0402036,6.0,-0.011812494487458025,38.6953125,-2.5915437,-0.011878432437558385
