Steps,Policy/Entropy,Environment/Cumulative Reward,Environment/Episode Length,Policy/Extrinsic Value Estimate,Policy/Extrinsic Reward
10000,1.4189383,-0.18055555555555555,36.69047619047619,-0.070626415,-0.18055555555555555
20000,1.4181654,-0.13592233009708737,46.932038834951456,-0.09925929,-0.13725490196078433
