Steps,Policy/Entropy,Environment/Cumulative Reward,Environment/Episode Length,Policy/Extrinsic Value Estimate,Policy/Extrinsic Reward
10000,1.4189383,-0.375,38.486607142857146,-0.071689434,-0.375
20000,1.4188583,-0.375,47.950450450450454,-0.123393424,-0.37104072398190047
30000,1.4181899,-0.375,47.45360824742268,-0.14986992,-0.37948717948717947
40000,1.4178383,-0.375,46.49038461538461,-0.16176677,-0.375
50000,1.4178367,-0.375,55.31666666666667,-0.20699741,-0.375
