{"count":1,"gauges":{"Bumper_1_Learning.CumulativeReward":{"count":172435,"max":1.88899207,"min":-1,"value":-1,"weightedAverage":-0.252097219},"None.CumulativeReward":{"count":2289,"max":0,"min":0,"value":0,"weightedAverage":0}},"self":4713.0988544,"total":13898.483316799999,"children":{"AgentSendState":{"count":2291284,"self":161.57664,"total":417.0958295,"children":{"CollectObservations":{"count":1018330,"self":21.917236799999998,"total":21.9172373,"children":null},"CollectDiscreteActionMasks":{"count":1018330,"self":14.2758688,"total":14.275868599999999,"children":null},"AgentInfo.ToProto":{"count":1018330,"self":44.0300832,"total":219.32608869999999,"children":{"GenerateSensorData":{"count":1018330,"self":71.6996736,"total":175.2960066,"children":{"RayPerceptionSensor.Perceive":{"count":1018330,"self":103.5963328,"total":103.596334,"children":null}}}}}}},"DecideAction":{"count":2291284,"self":8662.9875712,"total":8662.9878653,"children":null},"AgentAct":{"count":2291284,"self":68.46938879999999,"total":102.40058529999999,"children":{"AgentInfo.ToProto":{"count":158942,"self":7.0916488,"total":33.9311982,"children":{"GenerateSensorData":{"count":158942,"self":10.7595928,"total":26.839549299999998,"children":{"RayPerceptionSensor.Perceive":{"count":158942,"self":16.079956799999998,"total":16.0799564,"children":null}}}}}}},"AgentInfo.ToProto":{"count":15782,"self":0.6604831,"total":2.8963238,"children":{"GenerateSensorData":{"count":15782,"self":0.939263,"total":2.2358407,"children":{"RayPerceptionSensor.Perceive":{"count":15782,"self":1.2965776999999998,"total":1.2965776999999998,"children":null}}}}}}}