{"count":1,"gauges":{"Bumper_1_Learning.CumulativeReward":{"count":19,"max":1.2650001,"min":-0.983,"value":1.10600007,"weightedAverage":0.3325852}},"self":55.4804992,"total":55.8035316,"children":{"AgentSendState":{"count":2699,"self":0.138042,"total":0.22506279999999998,"children":{"CollectObservations":{"count":548,"self":0.010987199999999999,"total":0.010987199999999999,"children":null},"CollectDiscreteActionMasks":{"count":548,"self":0.0050198,"total":0.0050198,"children":null},"RayPerceptionSensor.Perceive":{"count":548,"self":0.0710138,"total":0.0710138,"children":null}}},"DecideAction":{"count":2699,"self":0.0419651,"total":0.0419651,"children":null},"AgentAct":{"count":2699,"self":0.0520061,"total":0.0520061,"children":null},"RayPerceptionSensor.Perceive":{"count":19,"self":0.0010003,"total":0.0010003,"children":null}}}