{"count":1,"gauges":{"defensive_bumper_learning.CumulativeReward":{"count":26,"max":1,"min":-1.25,"value":-1.25,"weightedAverage":-0.378948659}},"self":8.0604528,"total":8.7689582,"children":{"AgentSendState":{"count":420,"self":0.0158793,"total":0.024834199999999997,"children":{"CollectObservations":{"count":1485,"self":0.0039851999999999995,"total":0.0039851999999999995,"children":null},"CollectDiscreteActionMasks":{"count":1485,"self":0.0049697,"total":0.0049697,"children":null}}},"DecideAction":{"count":420,"self":0.47146699999999997,"total":0.6746767,"children":{"RayPerceptionSensor.Perceive":{"count":1485,"self":0.2032097,"total":0.2032097,"children":null}}},"AgentAct":{"count":420,"self":0.0069961,"total":0.0069961,"children":null}}}