{"count":1,"gauges":{"defensive_bumper_learning.CumulativeReward":{"count":32,"max":2.5,"min":-1.25,"value":0.5,"weightedAverage":-0.110958196}},"self":9.7604392,"total":12.2119264,"children":{"AgentSendState":{"count":585,"self":0.0608803,"total":0.084808299999999989,"children":{"CollectObservations":{"count":2079,"self":0.012962699999999999,"total":0.012962699999999999,"children":null},"CollectDiscreteActionMasks":{"count":2079,"self":0.010965299999999999,"total":0.010965299999999999,"children":null}}},"DecideAction":{"count":585,"self":1.4394327,"total":2.3422574,"children":{"RayPerceptionSensor.Perceive":{"count":2079,"self":0.90282469999999992,"total":0.90282469999999992,"children":null}}},"AgentAct":{"count":585,"self":0.021430499999999998,"total":0.021430499999999998,"children":null}}}