{"count":1,"gauges":{"offensive_bumper_learning.CumulativeReward":{"count":750,"max":3,"min":-0.5,"value":1,"weightedAverage":0.369574368}},"self":46.6772768,"total":109.0958012,"children":{"AgentSendState":{"count":74117,"self":1.7581077999999999,"total":6.7950339,"children":{"CollectObservations":{"count":29539,"self":0.1244078,"total":0.1244078,"children":null},"CollectDiscreteActionMasks":{"count":29539,"self":0.13489479999999998,"total":0.13489479999999998,"children":null},"AgentInfo.ToProto":{"count":29539,"self":0.44578029999999996,"total":4.7776235,"children":{"GenerateSensorData":{"count":29539,"self":0.7003003,"total":4.3318432,"children":{"RayPerceptionSensor.Perceive":{"count":29539,"self":3.6315427999999996,"total":3.6315429,"children":null}}}}}}},"DecideAction":{"count":74117,"self":54.7817472,"total":54.781743999999996,"children":null},"AgentAct":{"count":74117,"self":0.7177703,"total":0.7177703,"children":null},"AgentInfo.ToProto":{"count":750,"self":0.0119945,"total":0.1219772,"children":{"GenerateSensorData":{"count":750,"self":0.0209734,"total":0.10998269999999999,"children":{"RayPerceptionSensor.Perceive":{"count":750,"self":0.0890093,"total":0.0890093,"children":null}}}}}}}