{"count":1,"gauges":{"defensive_bumper_learning.CumulativeReward":{"count":10,"max":2.5,"min":-1.25,"value":-0.75,"weightedAverage":-0.15525341},"offensive_bumper_learning.CumulativeReward":{"count":10,"max":1.75,"min":-1.25,"value":1.25,"weightedAverage":0.933247566}},"self":112.68902399999999,"total":114.4799608,"children":{"AgentSendState":{"count":5714,"self":0.2646773,"total":0.2985191,"children":{"CollectObservations":{"count":2283,"self":0.0049517,"total":0.0049517,"children":null},"CollectDiscreteActionMasks":{"count":2283,"self":0.0019986,"total":0.0019986,"children":null},"RayPerceptionSensor.Perceive":{"count":1147,"self":0.0268915,"total":0.0268915,"children":null}}},"DecideAction":{"count":5714,"self":1.3546257,"total":1.4714616,"children":{"RayPerceptionSensor.Perceive":{"count":1136,"self":0.11683589999999999,"total":0.11683589999999999,"children":null}}},"AgentAct":{"count":5714,"self":0.0179702,"total":0.0179702,"children":null},"RayPerceptionSensor.Perceive":{"count":10,"self":0.00098709999999999987,"total":0.00098709999999999987,"children":null}}}