{"count":1,"gauges":{"defensive_bumper_learning.CumulativeReward":{"count":43,"max":3.75,"min":-1.25,"value":0.5,"weightedAverage":0.127388611},"offensive_bumper_learning.CumulativeReward":{"count":43,"max":2.5,"min":-1.25,"value":1.5,"weightedAverage":0.416687876}},"self":433.9821568,"total":441.15171169999996,"children":{"AgentSendState":{"count":21230,"self":1.0882794999999998,"total":1.2925209,"children":{"CollectObservations":{"count":8480,"self":0.0109439,"total":0.0109439,"children":null},"CollectDiscreteActionMasks":{"count":8480,"self":0.0089903999999999991,"total":0.0089903999999999991,"children":null},"RayPerceptionSensor.Perceive":{"count":4218,"self":0.1843071,"total":0.1843071,"children":null}}},"DecideAction":{"count":21230,"self":5.1748427999999995,"total":5.7821693,"children":{"RayPerceptionSensor.Perceive":{"count":4262,"self":0.60732659999999994,"total":0.60732659999999994,"children":null}}},"AgentAct":{"count":21230,"self":0.0888952,"total":0.0888952,"children":null},"RayPerceptionSensor.Perceive":{"count":43,"self":0.0039835999999999995,"total":0.0039835999999999995,"children":null}}}