{"count":1,"gauges":{"defensive_bumper_learning.CumulativeReward":{"count":417,"max":0.5,"min":-1.25,"value":0,"weightedAverage":0.0296630859}},"self":9.479204,"total":10.9369724,"children":{"AgentSendState":{"count":531,"self":0.95448669999999991,"total":1.1161454,"children":{"CollectObservations":{"count":2241,"self":0.013948499999999999,"total":0.013948499999999999,"children":null},"CollectDiscreteActionMasks":{"count":2241,"self":0.0069540999999999995,"total":0.0069540999999999995,"children":null},"RayPerceptionSensor.Perceive":{"count":1287,"self":0.1407561,"total":0.1407561,"children":null}}},"DecideAction":{"count":531,"self":0.1798035,"total":0.285746,"children":{"RayPerceptionSensor.Perceive":{"count":954,"self":0.1059425,"total":0.1059425,"children":null}}},"AgentAct":{"count":531,"self":0.018960599999999998,"total":0.0548774,"children":{"RayPerceptionSensor.Perceive":{"count":417,"self":0.0359168,"total":0.0359168,"children":null}}}}}