{"count":1,"gauges":{"offensive_bumper_learning.CumulativeReward":{"count":33,"max":1,"min":0,"value":1,"weightedAverage":0.5215194},"defensive_bumper_learning.CumulativeReward":{"count":27,"max":0,"min":-1,"value":-1,"weightedAverage":-0.528375745}},"self":136.1900928,"total":165.40483509999999,"children":{"AgentSendState":{"count":484,"self":0.5560937,"total":5.7780261,"children":{"CollectObservations":{"count":3428,"self":0.160998,"total":0.160998,"children":null},"CollectDiscreteActionMasks":{"count":3428,"self":0.063462499999999991,"total":0.063462499999999991,"children":null},"AgentInfo.ToProto":{"count":3428,"self":0.2520089,"total":4.9974719,"children":{"GenerateSensorData":{"count":3428,"self":0.5572455,"total":4.745463,"children":{"RayPerceptionSensor.Perceive":{"count":3428,"self":4.1882176,"total":4.1882174999999995,"children":null}}}}}}},"DecideAction":{"count":484,"self":23.254766399999998,"total":23.2547659,"children":null},"AgentAct":{"count":484,"self":0.0719998,"total":0.0719998,"children":null},"AgentInfo.ToProto":{"count":60,"self":0.0069958999999999993,"total":0.1069473,"children":{"GenerateSensorData":{"count":60,"self":0.0069917999999999994,"total":0.0999514,"children":{"RayPerceptionSensor.Perceive":{"count":60,"self":0.092959599999999989,"total":0.092959599999999989,"children":null}}}}}}}