{"cameraMode":{"drawMode":0,"name":"Shaded","section":"Shading Mode"},"sceneLighting":false,"audioPlay":false,"sceneViewState":{"showFog":true,"showMaterialUpdate":false,"showSkybox":false,"showFlares":true,"showImageEffects":true,"showParticleSystems":true},"in2DMode":false,"pivot":{"x":0.09749984741210938,"y":0.5400000810623169,"z":17.420000076293947},"rotation":{"x":-0.6047847270965576,"y":-0.003470177063718438,"z":0.002348431386053562,"w":-0.796377956867218},"size":64.99302673339844,"orthographic":true}