{"cameraMode":{"drawMode":0,"name":"Shaded","section":"Shading Mode"},"sceneLighting":false,"audioPlay":false,"sceneViewState":{"showFog":true,"showMaterialUpdate":false,"showSkybox":false,"showFlares":true,"showImageEffects":true,"showParticleSystems":true},"in2DMode":false,"pivot":{"x":-0.0025005340576171877,"y":0.5400000810623169,"z":-0.07999992370605469},"rotation":{"x":-0.4868587255477905,"y":-0.0063880980014801029,"z":0.0032971869222819807,"w":-0.8734511137008667},"size":64.99302673339844,"orthographic":true}