{"cameraMode":{"drawMode":0,"name":"Shaded","section":"Shading Mode"},"sceneLighting":true,"audioPlay":false,"sceneViewState":{"showFog":true,"showMaterialUpdate":false,"showSkybox":true,"showFlares":true,"showImageEffects":true,"showParticleSystems":true},"in2DMode":false,"pivot":{"x":0.6016814708709717,"y":-0.7236671447753906,"z":0.0},"rotation":{"x":0.14124511182308198,"y":-0.10316120833158493,"z":0.01480102725327015,"w":0.9844737648963928},"size":25.532176971435548,"orthographic":true}