{"cameraMode":{"drawMode":0,"name":"Shaded","section":"Shading Mode"},"sceneLighting":false,"audioPlay":false,"sceneViewState":{"showFog":true,"showMaterialUpdate":false,"showSkybox":false,"showFlares":true,"showImageEffects":true,"showParticleSystems":true},"in2DMode":false,"pivot":{"x":0.09749984741210938,"y":0.5400000810623169,"z":17.420000076293947},"rotation":{"x":-0.40898966789245608,"y":0.023457515984773637,"z":-0.010772859677672387,"w":-0.9121739268302918},"size":15.594491958618164,"orthographic":true}