{"cameraMode":{"drawMode":0,"name":"Shaded","section":"Shading Mode"},"sceneLighting":false,"audioPlay":false,"sceneViewState":{"showFog":true,"showMaterialUpdate":false,"showSkybox":false,"showFlares":true,"showImageEffects":true,"showParticleSystems":true},"in2DMode":false,"pivot":{"x":-0.0025005340576171877,"y":0.5400000810623169,"z":17.920000076293947},"rotation":{"x":-0.45907652378082278,"y":0.06801668554544449,"z":-0.035537369549274448,"w":-0.8850760459899902},"size":64.99302673339844,"orthographic":true}