{"cameraMode":{"drawMode":0,"name":"Shaded","section":"Shading Mode"},"sceneLighting":false,"audioPlay":false,"sceneViewState":{"showFog":true,"showMaterialUpdate":false,"showSkybox":false,"showFlares":true,"showImageEffects":true,"showParticleSystems":true},"in2DMode":false,"pivot":{"x":-43.20249938964844,"y":0.5400000810623169,"z":-22.780000686645509},"rotation":{"x":-0.25949352979660036,"y":0.004590015858411789,"z":-0.0014690079260617495,"w":-0.9657328724861145},"size":27.09760093688965,"orthographic":true}