{"cameraMode":{"drawMode":0,"name":"Shaded","section":"Shading Mode"},"sceneLighting":false,"audioPlay":false,"sceneViewState":{"showFog":true,"showMaterialUpdate":false,"showSkybox":false,"showFlares":true,"showImageEffects":true,"showParticleSystems":true},"in2DMode":false,"pivot":{"x":17.5,"y":0.5400000810623169,"z":-0.07999992370605469},"rotation":{"x":-0.1815556436777115,"y":-0.14226050674915315,"z":0.026332717388868333,"w":-0.972679853439331},"size":20.643909454345704,"orthographic":true}