{"cameraMode":{"drawMode":0,"name":"Shaded","section":"Shading Mode"},"sceneLighting":true,"audioPlay":false,"sceneViewState":{"showFog":true,"showMaterialUpdate":false,"showSkybox":true,"showFlares":true,"showImageEffects":true,"showParticleSystems":true},"in2DMode":false,"pivot":{"x":0.09749984741210938,"y":0.5400000810623169,"z":17.420000076293947},"rotation":{"x":-0.4376460611820221,"y":-0.009256505407392979,"z":0.004251698963344097,"w":-0.8990896940231323},"size":73.12287139892578,"orthographic":true}