{"cameraMode":{"drawMode":0,"name":"Shaded","section":"Shading Mode"},"sceneLighting":false,"audioPlay":false,"sceneViewState":{"showFog":true,"showMaterialUpdate":false,"showSkybox":false,"showFlares":true,"showImageEffects":true,"showParticleSystems":true},"in2DMode":false,"pivot":{"x":8.085365295410157,"y":3.981295585632324,"z":-12.649473190307618},"rotation":{"x":-0.15467429161071778,"y":-0.42826512455940249,"z":0.07442024350166321,"w":-0.8872014880180359},"size":5.282577991485596,"orthographic":true}