{"cameraMode":{"drawMode":0,"name":"Shaded","section":"Shading Mode"},"sceneLighting":false,"audioPlay":false,"sceneViewState":{"showFog":true,"showMaterialUpdate":false,"showSkybox":false,"showFlares":true,"showImageEffects":true,"showParticleSystems":true},"in2DMode":false,"pivot":{"x":-0.0025005340576171877,"y":0.5400000810623169,"z":17.920000076293947},"rotation":{"x":-0.38424405455589297,"y":0.02097211964428425,"z":-0.008980493061244488,"w":-0.9229496717453003},"size":21.525222778320314,"orthographic":true}