{"cameraMode":{"drawMode":0,"name":"Shaded","section":"Shading Mode"},"sceneLighting":false,"audioPlay":false,"sceneViewState":{"showFog":true,"showMaterialUpdate":false,"showSkybox":false,"showFlares":true,"showImageEffects":true,"showParticleSystems":true},"in2DMode":false,"pivot":{"x":-17.5,"y":0.5400000810623169,"z":-0.07999992370605469},"rotation":{"x":-0.35928109288215639,"y":-0.003984119277447462,"z":0.00130254658870399,"w":-0.9332200884819031},"size":13.640247344970704,"orthographic":true}