{"cameraMode":{"drawMode":0,"name":"Shaded","section":"Shading Mode"},"sceneLighting":false,"audioPlay":false,"sceneViewState":{"showFog":true,"showMaterialUpdate":false,"showSkybox":false,"showFlares":true,"showImageEffects":true,"showParticleSystems":true},"in2DMode":false,"pivot":{"x":-0.0025005340576171877,"y":0.5400000810623169,"z":17.920000076293947},"rotation":{"x":-0.4047005772590637,"y":0.03584316372871399,"z":-0.01612970046699047,"w":-0.913604199886322},"size":29.41185188293457,"orthographic":true}